{"cameraMode":{"drawMode":0,"name":"Shaded","section":"Shading Mode"},"sceneLighting":true,"audioPlay":false,"sceneViewState":{"showFog":false,"showMaterialUpdate":false,"showSkybox":false,"showFlares":false,"showImageEffects":false,"showParticleSystems":false},"in2DMode":false,"pivot":{"x":123.77377319335938,"y":-133.57345581054688,"z":-254.1865692138672},"rotation":{"x":-0.03325357660651207,"y":-0.9581108093261719,"z":0.2562112808227539,"w":-0.12398332357406616},"size":231.1420440673828,"orthographic":false}