{"cameraMode":{"drawMode":0,"name":"Shaded","section":"Shading Mode"},"sceneLighting":true,"audioPlay":false,"sceneViewState":{"showFog":false,"showMaterialUpdate":false,"showSkybox":false,"showFlares":false,"showImageEffects":false,"showParticleSystems":false},"in2DMode":false,"pivot":{"x":20.323833465576173,"y":48.39511489868164,"z":58.2833366394043},"rotation":{"x":0.1416187733411789,"y":-0.5884305834770203,"z":0.10561832785606384,"w":0.7890438437461853},"size":178.9792938232422,"orthographic":false}